{
  "Random": [
    0.9570135746606335, 0.9321266968325792, 0.918552036199095,
    0.8959276018099547, 0.8665158371040723, 0.8574660633484162,
    0.8291855203619909, 0.7805429864253394, 0.7409502262443438
  ],
  "SHAP": [
    0.7194570135746606, 0.7104072398190046, 0.7013574660633484,
    0.6798642533936652, 0.6685520361990951, 0.6583710407239819,
    0.6108597285067874, 0.6074660633484162, 0.5837104072398189
  ],
  "LIME": [
    0.5769230769230769, 0.5610859728506786, 0.5656108597285069,
    0.5633484162895926, 0.5622171945701357, 0.5576923076923076,
    0.5294117647058822, 0.5441176470588235, 0.5407239819004525
  ],
  "GuidedBackprop": [
    0.5395927601809954, 0.5418552036199096, 0.5395927601809954,
    0.5316742081447964, 0.5316742081447964, 0.5260180995475113,
    0.5248868778280543, 0.5192307692307692, 0.5237556561085972
  ],
  "Integrated Gradients": [
    0.5237556561085973, 0.5260180995475113, 0.5248868778280542,
    0.5214932126696833, 0.5271493212669683, 0.5260180995475113,
    0.5271493212669683, 0.5282805429864253, 0.5384615384615384
  ],
  "DeepLift": [
    0.5395927601809954, 0.5395927601809954, 0.5395927601809954,
    0.5384615384615384, 0.5395927601809954, 0.5384615384615384,
    0.5384615384615384, 0.5395927601809954, 0.5395927601809954
  ],
  "DeepLiftShap": [
    0.5395927601809954, 0.5407239819004525, 0.5395927601809954,
    0.5384615384615384, 0.5407239819004525, 0.5395927601809954,
    0.5395927601809954, 0.5384615384615384, 0.5407239819004525
  ],
  "GradientShap": [
    0.5395927601809954, 0.5395927601809954, 0.5395927601809954,
    0.5395927601809954, 0.5395927601809954, 0.5395927601809954,
    0.5395927601809954, 0.5395927601809954, 0.5384615384615384
  ]
}
