{
  "Random": [
    0.9739819004524886, 0.9649321266968325, 0.9558823529411764,
    0.9309954751131222, 0.9083710407239818, 0.8812217194570136,
    0.8619909502262445, 0.831447963800905, 0.7816742081447964,
    0.7466063348416289, 0.673076923076923, 0.6470588235294117,
    0.6040723981900453
  ],
  "Integrated Gradients": [
    0.9694570135746606, 0.9502262443438914, 0.9309954751131221,
    0.8947963800904978, 0.8540723981900453, 0.8257918552036199,
    0.7782805429864253, 0.7239819004524887, 0.6900452488687783,
    0.6549773755656109, 0.589366515837104, 0.5701357466063348,
    0.5622171945701357
  ],
  "SHAP": [
    0.9694570135746606, 0.9604072398190046, 0.9366515837104072,
    0.9072398190045249, 0.8484162895927603, 0.8178733031674209,
    0.7714932126696834, 0.6911764705882353, 0.6244343891402715,
    0.5904977375565611, 0.5350678733031674, 0.5520361990950226,
    0.5361990950226244
  ],
  "LIME": [
    0.9717194570135747, 0.9649321266968325, 0.9490950226244343,
    0.9196832579185521, 0.9015837104072397, 0.8823529411764706,
    0.8529411764705882, 0.7839366515837104, 0.7239819004524887,
    0.6753393665158371, 0.5871040723981901, 0.5622171945701357,
    0.5339366515837104
  ],
  "GuidedBackprop": [
    0.9773755656108597, 0.9604072398190046, 0.9400452488687783,
    0.8868778280542986, 0.830316742081448, 0.7794117647058824,
    0.7115384615384616, 0.6742081447963801, 0.6142533936651583,
    0.5475113122171945, 0.5418552036199096, 0.5486425339366516,
    0.5418552036199096
  ],
  "DeepLift": [
    0.9694570135746606, 0.9536199095022625, 0.9287330316742082,
    0.8981900452488688, 0.8540723981900453, 0.8246606334841629,
    0.7805429864253395, 0.7307692307692307, 0.6923076923076923,
    0.6504524886877827, 0.592760180995475, 0.5735294117647058,
    0.5599547511312217
  ],
  "DeepLiftShap": [
    0.9694570135746606, 0.9513574660633483, 0.9332579185520361,
    0.9004524886877828, 0.8518099547511312, 0.82579185520362,
    0.7771493212669683, 0.7330316742081449, 0.6923076923076924,
    0.6515837104072398, 0.5893665158371042, 0.5735294117647058,
    0.5622171945701356
  ],
  "GradientShap": [
    0.9705882352941178, 0.9513574660633485, 0.9298642533936653,
    0.8959276018099547, 0.8563348416289592, 0.829185520361991,
    0.7771493212669683, 0.7319004524886877, 0.6923076923076923,
    0.6515837104072398, 0.5927601809954751, 0.5667420814479637,
    0.5633484162895926
  ]
}
