{"Random": [0.9615384615384617, 0.9490950226244343, 0.9309954751131222, 0.9117647058823528, 0.8766968325791855, 0.8416289592760181, 0.8031674208144797, 0.7794117647058824, 0.7590497737556561], "SHAP": [0.7228506787330317, 0.6866515837104072, 0.6809954751131221, 0.6504524886877827, 0.6357466063348416, 0.5972850678733032, 0.589366515837104, 0.5599547511312217, 0.5418552036199095], "LIME": [0.5441176470588236, 0.5486425339366515, 0.5316742081447964, 0.5361990950226244, 0.5475113122171946, 0.5452488687782805, 0.5158371040723981, 0.5328054298642534, 0.5339366515837104], "GuidedBackprop": [0.5294117647058822, 0.5350678733031674, 0.5384615384615384, 0.5361990950226244, 0.5373303167420814, 0.5350678733031674, 0.5407239819004525, 0.5350678733031674, 0.5475113122171946], "Integrated Gradients": [0.5429864253393665, 0.5463800904977376, 0.5497737556561085, 0.5463800904977376, 0.5463800904977375, 0.5475113122171946, 0.5497737556561085, 0.5475113122171946, 0.5418552036199096], "DeepLift": [0.5395927601809954, 0.5418552036199096, 0.5441176470588235, 0.5395927601809954, 0.5373303167420814, 0.5407239819004525, 0.5373303167420814, 0.5384615384615384, 0.5361990950226244], "DeepLiftShap": [0.5407239819004525, 0.5361990950226244, 0.5384615384615384, 0.5395927601809954, 0.5384615384615383, 0.5395927601809954, 0.5418552036199095, 0.5418552036199095, 0.5384615384615384], "GradientShap": [0.5407239819004525, 0.5407239819004525, 0.5373303167420814, 0.5361990950226244, 0.5418552036199095, 0.5373303167420814, 0.5418552036199096, 0.5395927601809954, 0.5395927601809954]}